<IconSet id="weblaf-demo" nearClass="com.alee.demo.skin.LightIconSet" base="icons/" xmlns="http://weblookandfeel.com/XmlIconSet">

    <!-- Example frame icons -->
    <SvgIcon id="examples16" path="frames/examples.svg" size="16,16">
        <SvgFill selector="svg" color="100,100,100" />
    </SvgIcon>

    <!-- Style frame icons -->
    <SvgIcon id="style16" path="general/style.svg" size="16,16">
        <SvgFill selector="svg" color="100,100,100" />
    </SvgIcon>

    <!-- Source frame icons -->
    <SvgIcon id="source16" path="general/source.svg" size="16,16">
        <SvgFill selector="svg" color="100,100,100" />
    </SvgIcon>

    <!-- Inspector frame icons -->
    <SvgIcon id="inspector16" path="frames/inspector.svg" size="16,16">
        <SvgFill selector="svg" color="100,100,100" />
    </SvgIcon>

    <!-- Type icons -->
    <ImageIcon id="group16" path="types/group.png" />

    <!-- General purpose 36x36 icons -->
    <SvgIcon id="compass36" path="general/compass.svg" size="36,36">
        <SvgFill selector="svg" color="50,50,50" />
    </SvgIcon>
    <SvgIcon id="bug36" path="general/bug.svg" size="36,36">
        <SvgFill selector="svg" color="150,50,50" />
    </SvgIcon>
    <SvgIcon id="github36" path="general/github.svg" size="36,36">
        <SvgFill selector="svg" color="100,100,100" />
    </SvgIcon>

    <!-- General purpose 19x19 icons -->
    <SvgIcon id="java19" path="general/java.svg" size="19,19">
        <SvgFill selector="svg" color="black" />
    </SvgIcon>
    <SvgIcon id="github19" path="general/github.svg" size="19,19">
        <SvgFill selector="svg" color="100,100,100" />
    </SvgIcon>
    <SvgIcon id="gitter19" path="general/gitter.svg" size="19,19">
        <SvgFill selector="svg" color="100,100,100" />
    </SvgIcon>

    <!-- General purpose 16x16 icons -->
    <SvgIcon id="java16" path="general/java.svg" size="16,16">
        <SvgFill selector="svg" color="black" />
    </SvgIcon>
    <SvgIcon id="legend16" path="general/legend.svg" size="16,16">
        <SvgFill selector="svg" color="100,180,100" />
    </SvgIcon>
    <SvgIcon id="menu16" path="general/menu.svg" size="16,16">
        <SvgFill selector="svg" color="100,100,100" />
    </SvgIcon>
    <SvgIcon id="brush16" path="general/brush.svg" size="16,16">
        <SvgFill selector="svg" color="100,100,100" />
    </SvgIcon>
    <SvgIcon id="github16" path="general/github.svg" size="16,16">
        <SvgFill selector="svg" color="100,100,100" />
    </SvgIcon>
    <SvgIcon id="settings16" path="general/settings.svg" size="16,16">
        <SvgFill selector="svg" color="100,100,100" />
    </SvgIcon>
    <SvgIcon id="key16" path="general/key.svg" size="16,16">
        <SvgFill selector="svg" color="228,202,44" />
    </SvgIcon>
    <SvgIcon id="dollar16" path="general/dollar.svg" size="16,16">
        <SvgFill selector="svg" color="100,100,100" />
    </SvgIcon>
    <SvgIcon id="phone16" path="general/phone.svg" size="16,16">
        <SvgFill selector="svg" color="100,100,100" />
    </SvgIcon>
    <SvgIcon id="hourglass16" path="general/hourglass.svg" size="16,16">
        <SvgFill selector="svg" color="100,100,100" />
    </SvgIcon>
    <SvgIcon id="fire16" path="general/fire.svg" size="16,16">
        <SvgFill selector="svg" color="100,100,100" />
    </SvgIcon>
    <SvgIcon id="magnifier16" path="general/magnifier.svg" size="16,16">
        <SvgFill selector="svg" color="100,100,100" />
    </SvgIcon>
    <SvgIcon id="cursor16" path="general/cursor.svg" size="16,16">
        <SvgFill selector="svg" color="100,100,100" />
    </SvgIcon>
    <SvgIcon id="enabled16" path="general/enabled.svg" size="16,16">
        <SvgFill selector="svg" color="100,100,100" />
    </SvgIcon>
    <SvgIcon id="disabled16" path="general/disabled.svg" size="16,16">
        <SvgFill selector="svg" color="100,100,100" />
    </SvgIcon>
    <SvgIcon id="ltr16" path="general/ltr.svg" size="16,16">
        <SvgFill selector="svg" color="100,100,100" />
    </SvgIcon>
    <SvgIcon id="rtl16" path="general/ltr.svg" size="16,16">
        <SvgFill selector="svg" color="100,100,100" />
        <SvgTransform selector="svg" rotate="180" />
    </SvgIcon>
    <SvgIcon id="play16" path="general/play.svg" size="16,16">
        <SvgFill selector="svg" color="100,100,100" />
    </SvgIcon>
    <SvgIcon id="pause16" path="general/pause.svg" size="16,16">
        <SvgFill selector="svg" color="100,100,100" />
    </SvgIcon>
    <SvgIcon id="indeterminate16" path="general/indeterminate.svg" size="16,16">
        <SvgFill selector="svg" color="100,100,100" />
    </SvgIcon>

    <!-- Social 16x16 icons -->
    <SvgIcon id="facebook16" path="social/facebook.svg" size="16,16">
        <SvgFill selector="svg" color="69,97,157" />
    </SvgIcon>
    <SvgIcon id="twitter16" path="social/twitter.svg" size="16,16">
        <SvgFill selector="svg" color="85,172,238" />
    </SvgIcon>
    <SvgIcon id="googleplus16" path="social/googleplus.svg" size="16,16">
        <SvgFill selector="svg" color="219,68,55" />
    </SvgIcon>
    <SvgIcon id="linkedin16" path="social/linkedin.svg" size="16,16">
        <SvgFill selector="svg" color="0,119,181" />
    </SvgIcon>
    <SvgIcon id="pinterest16" path="social/pinterest.svg" size="16,16">
        <SvgFill selector="svg" color="188,33,37" />
    </SvgIcon>
    <SvgIcon id="youtube16" path="social/youtube.svg" size="16,16">
        <SvgFill selector="svg" color="230,33,23" />
    </SvgIcon>
    <SvgIcon id="vimeo16" path="social/vimeo.svg" size="16,16">
        <SvgFill selector="svg" color="0,173,239" />
    </SvgIcon>

    <!-- Sample icons -->
    <SvgIcon id="win16" path="sample/win.svg" size="16,16">
        <SvgFill selector="svg" color="100,100,100" />
    </SvgIcon>
    <SvgIcon id="mac16" path="sample/mac.svg" size="16,16">
        <SvgFill selector="svg" color="100,100,100" />
    </SvgIcon>
    <SvgIcon id="unix16" path="sample/unix.svg" size="16,16">
        <SvgFill selector="svg" color="100,100,100" />
    </SvgIcon>
    <SvgIcon id="solaris16" path="sample/solaris.svg" size="16,16">
        <SvgFill selector="svg" color="100,100,100" />
    </SvgIcon>

</IconSet>