<assembly xmlns:xsi="http://www.w3.org/2001/XMLSchema-instance" xmlns="http://maven.apache.org/ASSEMBLY/2.0.0" xsi:schemaLocation="http://maven.apache.org/ASSEMBLY/2.0.0 http://maven.apache.org/xsd/assembly-2.0.0.xsd">
    <id>jar-with-dependencies</id>
    <formats>
        <format>jar</format>
    </formats>
    <includeBaseDirectory>false</includeBaseDirectory>
    <dependencySets>
        <dependencySet>
            <outputDirectory>/</outputDirectory>
            <useProjectArtifact>true</useProjectArtifact>
            <unpack>true</unpack>
            <scope>runtime</scope>
        </dependencySet>
    </dependencySets>
    <fileSets>
        <!--        <fileSet>-->
        <!--            <outputDirectory></outputDirectory>-->
        <!--            <directory>../core/src</directory>-->
        <!--            <includes>-->
        <!--                <include>**/*.java</include>-->
        <!--            </includes>-->
        <!--            <useDefaultExcludes>true</useDefaultExcludes>-->
        <!--        </fileSet>-->

        <!-- Demo app sources -->
        <fileSet>
            <outputDirectory></outputDirectory>
            <directory>src</directory>
            <includes>
                <include>**/*.java</include>
            </includes>
            <useDefaultExcludes>true</useDefaultExcludes>
        </fileSet>
    </fileSets>
</assembly>